BU Code,Location,Row Labels,Customer Name
1527,Raipur Depot,0041000139,G S BHATIA AND CO
1527,Raipur Depot,0041000154,BALAJI SERVICE STATION
1527,Raipur Depot,0041001547,NATIONAL MINERAL DEVELOPMENT
1527,Raipur Depot,0041001560,NATIONAL MINERAL DEV CORPN LTD
1527,Raipur Depot,0041001652,"M/s-SECL, KUSMUNDA WORKSHOP-1"
1527,Raipur Depot,0041007603,KAMAL TRADING CO
1527,Raipur Depot,0041008073,JAI PRAHALLAD PETROLEUM
1527,Raipur Depot,0041008075,MANIRAM RAMNIWAS FUELS
1527,Raipur Depot,0041008079,GIRISH FUELS
1527,Raipur Depot,0041008083,MENDANI NETAM FUEL STATION
1527,Raipur Depot,0041008085,NANHU BHAGAT FUELS
1527,Raipur Depot,0041008089,RATHORE FUELS
1527,Raipur Depot,0041008093,TULSA FUELS
1527,Raipur Depot,0041008097,KHUDIYA FUELS
1527,Raipur Depot,0041008100,MAA BINDA FUELS
1527,Raipur Depot,0041008103,ASHA FUELS
1527,Raipur Depot,0041008107,GYANI RAM PETROLEUM
1527,Raipur Depot,0041008113,SHRI BAIJNATH PETROLEUM
1527,Raipur Depot,0041008117,JAY FUELS
1527,Raipur Depot,0041008120,SHRI KRISHNA FUELS
1527,Raipur Depot,0041008125,ACHARYA VIDYASAGAR FUELS
1527,Raipur Depot,0041008128,AYUSH FUELS
1527,Raipur Depot,0041008131,MAA DURGA FUELS
1527,Raipur Depot,0041008133,JITENDRA PETROLEUM
1527,Raipur Depot,0041008137,BHAVYA FUELS
1527,Raipur Depot,0041008140,HP MAHAMAYA FUELS
1527,Raipur Depot,0041008143,HP JAI BUDHA DEV FUELS
1527,Raipur Depot,0041008146,HP NITIN FUELS
1527,Raipur Depot,0041008148,HP ANKIT PETROLEUM
1527,Raipur Depot,0041008151,HP SHREE SAI MAA PETROL PUMP
1527,Raipur Depot,0041008154,HP SHREE THAKUR JI FUELS
1527,Raipur Depot,0041008156,HP SHOURYA POLICE PETROL PUMP
1527,Raipur Depot,0041011890,ANOOP AUTO SERVICES
1527,Raipur Depot,0041012136,FO-PURUAHOTTAM DAS SANTOSH KUMAR&BRO-OML
1527,Raipur Depot,0041012144,SANTOSH AUTO DIESELS
1527,Raipur Depot,0041012148,DHAMTARI ENTERPRISES
1527,Raipur Depot,0041017261,KATYAYNI FUELS
